index,domain,title,venue,year,citations,url,openAccessPdf,pdf_download_status,pdf_file
1,SE,On Proving the Correctness of Refactoring Class Diagrams of MDE Metamodels,ACM Transactions on Software Engineering and Methodology,2022,36,https://doi.org/10.1145/3549541,https://dl.acm.org/doi/pdf/10.1145/3549541,downloaded,data/papers_pdf/001_2022_On_Proving_the_Correctness_of_Refactoring_Class_Diagrams_of_MDE_Metamodels.pdf
2,SE,A survey of software refactoring,IEEE Transactions on Software Engineering,2004,1177,https://doi.org/10.1109/tse.2004.1265817,https://orbi.umons.ac.be/bitstream/20.500.12907/20050/1/TSE2004-surveyrefactoring.pdf,downloaded,data/papers_pdf/002_2004_A_survey_of_software_refactoring.pdf
3,SE,An approach to prioritize code smells for refactoring,Automated Software Engineering,2014,139,https://doi.org/10.1007/s10515-014-0175-x,https://link.springer.com/content/pdf/10.1007/s10515-014-0175-x.pdf,downloaded,data/papers_pdf/003_2014_An_approach_to_prioritize_code_smells_for_refactoring.pdf
4,SE,Automatic Software Repair: A Survey,IEEE Transactions on Software Engineering,2017,314,https://doi.org/10.1109/tse.2017.2755013,https://ieeexplore.ieee.org/ielx7/32/8605390/08089448.pdf,downloaded,data/papers_pdf/004_2017_Automatic_Software_Repair_A_Survey.pdf
5,PL,Kami: a platform for high-level parametric hardware specification and its modular verification,Proceedings of the ACM on Programming Languages,2017,94,https://doi.org/10.1145/3110268,http://plv.csail.mit.edu/kami/papers/icfp17.pdf,downloaded,data/papers_pdf/005_2017_Kami_a_platform_for_high-level_parametric_hardware_specification_and_its_modular_verification.pdf
6,PL,Leveraging rust types for modular specification and verification,Proceedings of the ACM on Programming Languages,2019,131,https://doi.org/10.1145/3360573,https://pm.inf.ethz.ch/publications/AstrauskasMuellerPoliSummers19b.pdf,downloaded,data/papers_pdf/006_2019_Leveraging_rust_types_for_modular_specification_and_verification.pdf
7,PL,System FR: formalized foundations for the stainless verifier,Proceedings of the ACM on Programming Languages,2019,27,https://doi.org/10.1145/3360592,https://dl.acm.org/doi/pdf/10.1145/3360592,downloaded,data/papers_pdf/007_2019_System_FR_formalized_foundations_for_the_stainless_verifier.pdf
8,PL,Passport: Improving Automated Formal Verification Using Identifiers,ACM Transactions on Programming Languages and Systems,2023,21,https://doi.org/10.1145/3593374,https://arxiv.org/pdf/2204.10370,downloaded,data/papers_pdf/008_2023_Passport_Improving_Automated_Formal_Verification_Using_Identifiers.pdf
9,PL,Interaction trees: representing recursive and impure programs in Coq,Proceedings of the ACM on Programming Languages,2019,126,https://doi.org/10.1145/3371119,https://dl.acm.org/doi/pdf/10.1145/3371119,downloaded,data/papers_pdf/009_2019_Interaction_trees_representing_recursive_and_impure_programs_in_Coq.pdf
10,PL,TacTok: semantics-aware proof synthesis,Proceedings of the ACM on Programming Languages,2020,38,https://doi.org/10.1145/3428299,https://people.cs.umass.edu/~brun/pubs/pubs/First20oopsla.pdf,downloaded,data/papers_pdf/010_2020_TacTok_semantics-aware_proof_synthesis.pdf
11,PL,"ISA semantics for ARMv8-a, RISC-v, and CHERI-MIPS",Proceedings of the ACM on Programming Languages,2019,112,https://doi.org/10.1145/3290384,https://www.cl.cam.ac.uk/~pes20/sail/sail-popl2019.pdf,downloaded,data/papers_pdf/011_2019_ISA_semantics_for_ARMv8-a_RISC-v_and_CHERI-MIPS.pdf
12,PL,A specification for dependent types in Haskell,Proceedings of the ACM on Programming Languages,2017,43,https://doi.org/10.1145/3110275,https://richarde.dev/papers/2017/dep-haskell-spec/dep-haskell-spec.pdf,downloaded,data/papers_pdf/012_2017_A_specification_for_dependent_types_in_Haskell.pdf
13,PL,TLA+ model checking made symbolic,Proceedings of the ACM on Programming Languages,2019,44,https://doi.org/10.1145/3360549,https://dl.acm.org/doi/pdf/10.1145/3360549,downloaded,data/papers_pdf/013_2019_TLA_model_checking_made_symbolic.pdf
14,PL,Rigorous Estimation of Floating-Point Round-Off Errors with Symbolic Taylor Expansions,ACM Transactions on Programming Languages and Systems,2018,93,https://doi.org/10.1145/3230733,https://dl.acm.org/doi/pdf/10.1145/3230733,downloaded,data/papers_pdf/014_2018_Rigorous_Estimation_of_Floating-Point_Round-Off_Errors_with_Symbolic_Taylor_Expansions.pdf
15,AI,A survey of safety and trustworthiness of large language models through the lens of verification and validation,Artificial Intelligence Review,2024,98,https://doi.org/10.1007/s10462-024-10824-0,https://link.springer.com/content/pdf/10.1007/s10462-024-10824-0.pdf,downloaded,data/papers_pdf/015_2024_A_survey_of_safety_and_trustworthiness_of_large_language_models_through_the_lens_of_verification_and_validation.pdf
16,AI,Are Transformers Effective for Time Series Forecasting?,Proceedings of the AAAI Conference on Artificial Intelligence,2023,2373,https://doi.org/10.1609/aaai.v37i9.26317,https://ojs.aaai.org/index.php/AAAI/article/download/26317/26089,downloaded,data/papers_pdf/016_2023_Are_Transformers_Effective_for_Time_Series_Forecasting.pdf
17,AI,Robust Face Recognition via Sparse Representation,IEEE Transactions on Pattern Analysis and Machine Intelligence,2009,9488,https://doi.org/10.1109/tpami.2008.79,https://www.ideals.illinois.edu/items/110962/bitstreams/363644/data.pdf,downloaded,data/papers_pdf/017_2009_Robust_Face_Recognition_via_Sparse_Representation.pdf
18,AI,Learning from imbalanced data: open challenges and future directions,Progress in Artificial Intelligence,2016,2369,https://doi.org/10.1007/s13748-016-0094-0,https://link.springer.com/content/pdf/10.1007/s13748-016-0094-0.pdf,downloaded,data/papers_pdf/018_2016_Learning_from_imbalanced_data_open_challenges_and_future_directions.pdf
19,AI,A Survey of Outlier Detection Methodologies,Artificial Intelligence Review,2004,3321,https://doi.org/10.1023/b:aire.0000045502.10941.a9,https://eprints.whiterose.ac.uk/767/1/hodgevj4.pdf,downloaded,data/papers_pdf/019_2004_A_Survey_of_Outlier_Detection_Methodologies.pdf
20,AI,From Frequency to Meaning: Vector Space Models of Semantics,Journal of Artificial Intelligence Research,2010,2865,https://doi.org/10.1613/jair.2934,https://jair.org/index.php/jair/article/download/10640/25440,downloaded,data/papers_pdf/020_2010_From_Frequency_to_Meaning_Vector_Space_Models_of_Semantics.pdf
21,AI,Automated Hate Speech Detection and the Problem of Offensive Language,Proceedings of the International AAAI Conference on Web and Social Media,2017,2414,https://doi.org/10.1609/icwsm.v11i1.14955,https://ojs.aaai.org/index.php/ICWSM/article/download/14955/14805,downloaded,data/papers_pdf/021_2017_Automated_Hate_Speech_Detection_and_the_Problem_of_Offensive_Language.pdf
22,AI,"Deep learning modelling techniques: current progress, applications, advantages, and challenges",Artificial Intelligence Review,2023,867,https://doi.org/10.1007/s10462-023-10466-8,https://link.springer.com/content/pdf/10.1007/s10462-023-10466-8.pdf,downloaded,data/papers_pdf/022_2023_Deep_learning_modelling_techniques_current_progress_applications_advantages_and_challenges.pdf
23,AI,Ensemble deep learning: A review,Engineering Applications of Artificial Intelligence,2022,1952,https://doi.org/10.1016/j.engappai.2022.105151,https://www.sciencedirect.com/science/article/pii/S095219762200269X,downloaded,data/papers_pdf/023_2022_Ensemble_deep_learning_A_review.pdf
24,AI,Automatic Construction and Natural-Language Description of Nonparametric Regression Models,Proceedings of the AAAI Conference on Artificial Intelligence,2014,126,https://doi.org/10.1609/aaai.v28i1.8904,https://ojs.aaai.org/index.php/AAAI/article/download/8904/8763,downloaded,data/papers_pdf/024_2014_Automatic_Construction_and_Natural-Language_Description_of_Nonparametric_Regression_Models.pdf
25,Cybersecurity,Basic concepts and taxonomy of dependable and secure computing,IEEE Transactions on Dependable and Secure Computing,2004,5096,https://doi.org/10.1109/tdsc.2004.2,https://api.drum.lib.umd.edu/server/api/core/bitstreams/ed07fa96-1e50-4309-afdd-43d3d779ac99/content,downloaded,data/papers_pdf/025_2004_Basic_concepts_and_taxonomy_of_dependable_and_secure_computing.pdf
26,Cybersecurity,QSYM: a practical concolic execution engine tailored for hybrid fuzzing,USENIX Security Symposium,2018,272,https://openalex.org/W2888875512,https://www.usenix.org/system/files/conference/usenixsecurity18/sec18-yun.pdf,downloaded,data/papers_pdf/026_2018_QSYM_a_practical_concolic_execution_engine_tailored_for_hybrid_fuzzing.pdf
27,PL,Programming and proving with distributed protocols,Proceedings of the ACM on Programming Languages,2017,102,https://doi.org/10.1145/3158116,https://dl.acm.org/doi/pdf/10.1145/3158116?download=true,downloaded,data/papers_pdf/027_2017_Programming_and_proving_with_distributed_protocols.pdf
28,PL,Verified low-level programming embedded in F*,Proceedings of the ACM on Programming Languages,2017,98,https://doi.org/10.1145/3110261,http://dl.acm.org/ft_gateway.cfm?id=3110261&type=pdf,downloaded,data/papers_pdf/028_2017_Verified_low-level_programming_embedded_in_F.pdf
29,PL,Generating good generators for inductive relations,Proceedings of the ACM on Programming Languages,2017,39,https://doi.org/10.1145/3158133,https://dl.acm.org/doi/pdf/10.1145/3158133?download=true,downloaded,data/papers_pdf/029_2017_Generating_good_generators_for_inductive_relations.pdf
30,PL,Secure distributed programming with value-dependent types,Journal of Functional Programming,2013,60,https://doi.org/10.1017/s0956796813000142,https://www.cambridge.org/core/services/aop-cambridge-core/content/view/14288BBFE9B373738DC8F60C3E89E3E3/S0956796813000142a.pdf/div-class-title-secure-distributed-programming-with-value-dependent-types-div.pdf,downloaded,data/papers_pdf/030_2013_Secure_distributed_programming_with_value-dependent_types.pdf
31,PL,Aeneas: Rust verification by functional translation,Proceedings of the ACM on Programming Languages,2022,42,https://doi.org/10.1145/3547647,https://dl.acm.org/doi/pdf/10.1145/3547647,downloaded,data/papers_pdf/031_2022_Aeneas_Rust_verification_by_functional_translation.pdf
32,PL,Flux: Liquid Types for Rust,Proceedings of the ACM on Programming Languages,2023,27,https://doi.org/10.1145/3591283,https://dl.acm.org/doi/pdf/10.1145/3591283,downloaded,data/papers_pdf/032_2023_Flux_Liquid_Types_for_Rust.pdf
33,PL,CompCertM: CompCert with C-assembly linking and lightweight modular verification,Proceedings of the ACM on Programming Languages,2019,46,https://doi.org/10.1145/3371091,https://dl.acm.org/doi/pdf/10.1145/3371091,downloaded,data/papers_pdf/033_2019_CompCertM_CompCert_with_C-assembly_linking_and_lightweight_modular_verification.pdf
34,PL,Equations reloaded: high-level dependently-typed functional programming and proving in Coq,Proceedings of the ACM on Programming Languages,2019,44,https://doi.org/10.1145/3341690,https://dl.acm.org/doi/pdf/10.1145/3341690,downloaded,data/papers_pdf/034_2019_Equations_reloaded_high-level_dependently-typed_functional_programming_and_proving_in_Coq.pdf
35,PL,"Formal verification of higher-order probabilistic programs: reasoning about approximation, convergence, Bayesian inference, and optimization",Proceedings of the ACM on Programming Languages,2019,27,https://doi.org/10.1145/3290351,https://dl.acm.org/doi/pdf/10.1145/3290351,downloaded,data/papers_pdf/035_2019_Formal_verification_of_higher-order_probabilistic_programs_reasoning_about_approximation_convergence_Bayesian_inference_.pdf
36,PL,"MoSeL: a general, extensible modal framework for interactive proofs in separation logic",Proceedings of the ACM on Programming Languages,2018,87,https://doi.org/10.1145/3236772,https://dl.acm.org/doi/pdf/10.1145/3236772,downloaded,data/papers_pdf/036_2018_MoSeL_a_general_extensible_modal_framework_for_interactive_proofs_in_separation_logic.pdf
37,PL,A metaprogramming framework for formal verification,Proceedings of the ACM on Programming Languages,2017,79,https://doi.org/10.1145/3110278,http://dl.acm.org/ft_gateway.cfm?id=3110278&type=pdf,downloaded,data/papers_pdf/037_2017_A_metaprogramming_framework_for_formal_verification.pdf
38,PL,Refinement types for secure implementations,ACM Transactions on Programming Languages and Systems,2011,228,https://doi.org/10.1145/1890028.1890031,https://dl.acm.org/doi/pdf/10.1145/1890028.1890031,downloaded,data/papers_pdf/038_2011_Refinement_types_for_secure_implementations.pdf
39,PL,Ott: Effective tool support for the working semanticist,Journal of Functional Programming,2010,164,https://doi.org/10.1017/s0956796809990293,https://www.cambridge.org/core/services/aop-cambridge-core/content/view/4F02FB206B5209D42B3BF2ED2240A802/S0956796809990293a.pdf/div-class-title-ott-effective-tool-support-for-the-working-semanticist-div.pdf,downloaded,data/papers_pdf/039_2010_Ott_Effective_tool_support_for_the_working_semanticist.pdf
40,PL,<scp>OutsideIn(X)</scp>Modular type inference with local assumptions,Journal of Functional Programming,2011,132,https://doi.org/10.1017/s0956796811000098,https://www.cambridge.org/core/services/aop-cambridge-core/content/view/65110D74CF75563F91F9C68010604329/S0956796811000098a.pdf/div-class-title-span-class-sc-outsidein-x-span-modular-type-inference-with-local-assumptions-div.pdf,downloaded,data/papers_pdf/040_2011_scpOutsideInXscpModular_type_inference_with_local_assumptions.pdf
41,SE,Guidelines for conducting and reporting case study research in software engineering,Empirical Software Engineering,2008,3754,https://doi.org/10.1007/s10664-008-9102-8,https://link.springer.com/content/pdf/10.1007/s10664-008-9102-8.pdf,downloaded,data/papers_pdf/041_2008_Guidelines_for_conducting_and_reporting_case_study_research_in_software_engineering.pdf
42,SE,Efficient static analysis and verification of featured transition systems,Empirical Software Engineering,2021,52,https://doi.org/10.1007/s10664-020-09930-8,https://link.springer.com/content/pdf/10.1007/s10664-020-09930-8.pdf,downloaded,data/papers_pdf/042_2021_Efficient_static_analysis_and_verification_of_featured_transition_systems.pdf
43,PL,RustHorn: CHC-based Verification for Rust Programs,ACM Transactions on Programming Languages and Systems,2021,49,https://doi.org/10.1145/3462205,https://dl.acm.org/doi/pdf/10.1145/3462205,downloaded,data/papers_pdf/043_2021_RustHorn_CHC-based_Verification_for_Rust_Programs.pdf
44,PL,Aiming low is harder: induction for lower bounds in probabilistic program verification,Proceedings of the ACM on Programming Languages,2019,43,https://doi.org/10.1145/3371105,https://dl.acm.org/doi/pdf/10.1145/3371105,downloaded,data/papers_pdf/044_2019_Aiming_low_is_harder_induction_for_lower_bounds_in_probabilistic_program_verification.pdf
45,PL,"Modular, compositional, and executable formal semantics for LLVM IR",Proceedings of the ACM on Programming Languages,2021,47,https://doi.org/10.1145/3473572,https://dl.acm.org/doi/pdf/10.1145/3473572,downloaded,data/papers_pdf/045_2021_Modular_compositional_and_executable_formal_semantics_for_LLVM_IR.pdf
46,PL,A Lightweight Formalism for Reference Lifetimes and Borrowing in Rust,ACM Transactions on Programming Languages and Systems,2021,24,https://doi.org/10.1145/3443420,https://dl.acm.org/doi/pdf/10.1145/3443420,downloaded,data/papers_pdf/046_2021_A_Lightweight_Formalism_for_Reference_Lifetimes_and_Borrowing_in_Rust.pdf
47,SE,Workflow Patterns,Distributed and Parallel Databases,2003,2592,https://doi.org/10.1023/a:1022883727209,https://link.springer.com/content/pdf/10.1023/A:1022883727209.pdf,downloaded,data/papers_pdf/047_2003_Workflow_Patterns.pdf
48,PL,Structuring the synthesis of heap-manipulating programs,Proceedings of the ACM on Programming Languages,2019,46,https://doi.org/10.1145/3290385,https://dl.acm.org/doi/pdf/10.1145/3290385,downloaded,data/papers_pdf/048_2019_Structuring_the_synthesis_of_heap-manipulating_programs.pdf
49,PL,"Coverage guided, property based testing",Proceedings of the ACM on Programming Languages,2019,42,https://doi.org/10.1145/3360607,https://dl.acm.org/doi/pdf/10.1145/3360607,downloaded,data/papers_pdf/049_2019_Coverage_guided_property_based_testing.pdf
50,SE,Studying the co-evolution of production and test code in open source and industrial developer test processes through repository mining,Empirical Software Engineering,2010,169,https://doi.org/10.1007/s10664-010-9143-7,https://link.springer.com/content/pdf/10.1007/s10664-010-9143-7.pdf,downloaded,data/papers_pdf/050_2010_Studying_the_co-evolution_of_production_and_test_code_in_open_source_and_industrial_developer_test_processes_through_rep.pdf
51,PL,The view from the left,Journal of Functional Programming,2004,327,https://doi.org/10.1017/s0956796803004829,https://www.cambridge.org/core/services/aop-cambridge-core/content/view/F8A44CAC27CCA178AF69DD84BC585A2D/S0956796803004829a.pdf/div-class-title-the-view-from-the-left-div.pdf,downloaded,data/papers_pdf/051_2004_The_view_from_the_left.pdf
52,PL,Dependent Type Theory for Verification of Information Flow and Access Control Policies,ACM Transactions on Programming Languages and Systems,2013,53,https://doi.org/10.1145/2491522.2491523,https://dl.acm.org/doi/pdf/10.1145/2491522.2491523,downloaded,data/papers_pdf/052_2013_Dependent_Type_Theory_for_Verification_of_Information_Flow_and_Access_Control_Policies.pdf
53,PL,A Widening Approach to Multithreaded Program Verification,ACM Transactions on Programming Languages and Systems,2014,41,https://doi.org/10.1145/2629608,https://dl.acm.org/doi/pdf/10.1145/2629608,downloaded,data/papers_pdf/053_2014_A_Widening_Approach_to_Multithreaded_Program_Verification.pdf
54,AI,"SMOTE for Learning from Imbalanced Data: Progress and Challenges, Marking the 15-year Anniversary",Journal of Artificial Intelligence Research,2018,2053,https://doi.org/10.1613/jair.1.11192,https://jair.org/index.php/jair/article/download/11192/26406,downloaded,data/papers_pdf/054_2018_SMOTE_for_Learning_from_Imbalanced_Data_Progress_and_Challenges_Marking_the_15-year_Anniversary.pdf
55,PL,Formal Verification of an SSA-Based Middle-End for CompCert,ACM Transactions on Programming Languages and Systems,2014,35,https://doi.org/10.1145/2579080,https://dl.acm.org/doi/pdf/10.1145/2579080,downloaded,data/papers_pdf/055_2014_Formal_Verification_of_an_SSA-Based_Middle-End_for_CompCert.pdf
56,PL,Well-founded recursion with copatterns and sized types,Journal of Functional Programming,2016,42,https://doi.org/10.1017/s0956796816000022,https://www.cambridge.org/core/services/aop-cambridge-core/content/view/39794AEA4D0F5003C8E9F88E564DA8DD/S0956796816000022a.pdf/div-class-title-well-founded-recursion-with-copatterns-and-sized-types-div.pdf,downloaded,data/papers_pdf/056_2016_Well-founded_recursion_with_copatterns_and_sized_types.pdf
57,PL,Dynamic software updating,ACM Transactions on Programming Languages and Systems,2005,199,https://doi.org/10.1145/1108970.1108971,https://dl.acm.org/doi/pdf/10.1145/1108970.1108971,downloaded,data/papers_pdf/057_2005_Dynamic_software_updating.pdf
58,PL,Probabilistic Relational Reasoning for Differential Privacy,ACM Transactions on Programming Languages and Systems,2013,89,https://doi.org/10.1145/2492061,https://dl.acm.org/doi/pdf/10.1145/2492061,downloaded,data/papers_pdf/058_2013_Probabilistic_Relational_Reasoning_for_Differential_Privacy.pdf
59,SE,The Oracle Problem in Software Testing: A Survey,IEEE Transactions on Software Engineering,2014,1022,https://doi.org/10.1109/tse.2014.2372785,https://ieeexplore.ieee.org/ielx7/32/7106034/06963470.pdf,downloaded,data/papers_pdf/059_2014_The_Oracle_Problem_in_Software_Testing_A_Survey.pdf
60,PL,An abstract domain for certifying neural networks,Proceedings of the ACM on Programming Languages,2019,590,https://doi.org/10.1145/3290354,https://dl.acm.org/doi/pdf/10.1145/3290354,downloaded,data/papers_pdf/060_2019_An_abstract_domain_for_certifying_neural_networks.pdf
61,AI,"A survey on sentiment analysis methods, applications, and challenges",Artificial Intelligence Review,2022,1360,https://doi.org/10.1007/s10462-022-10144-1,https://link.springer.com/content/pdf/10.1007/s10462-022-10144-1.pdf,downloaded,data/papers_pdf/061_2022_A_survey_on_sentiment_analysis_methods_applications_and_challenges.pdf
62,AI,ParamILS: An Automatic Algorithm Configuration Framework,Journal of Artificial Intelligence Research,2009,861,https://doi.org/10.1613/jair.2861,https://jair.org/index.php/jair/article/download/10628/25415,downloaded,data/papers_pdf/062_2009_ParamILS_An_Automatic_Algorithm_Configuration_Framework.pdf
63,PL,Parametric shape analysis via 3-valued logic,ACM Transactions on Programming Languages and Systems,2002,784,https://doi.org/10.1145/514188.514190,https://dl.acm.org/doi/pdf/10.1145/514188.514190,downloaded,data/papers_pdf/063_2002_Parametric_shape_analysis_via_3-valued_logic.pdf
64,AI,A survey of uncertainty in deep neural networks,Artificial Intelligence Review,2023,1087,https://doi.org/10.1007/s10462-023-10562-9,https://link.springer.com/content/pdf/10.1007/s10462-023-10562-9.pdf,downloaded,data/papers_pdf/064_2023_A_survey_of_uncertainty_in_deep_neural_networks.pdf
65,PL,egg: Fast and extensible equality saturation,Proceedings of the ACM on Programming Languages,2021,144,https://doi.org/10.1145/3434304,https://dl.acm.org/doi/pdf/10.1145/3434304,downloaded,data/papers_pdf/065_2021_egg_Fast_and_extensible_equality_saturation.pdf
66,AI,Graph Neural Network-Based Anomaly Detection in Multivariate Time Series,Proceedings of the AAAI Conference on Artificial Intelligence,2021,1091,https://doi.org/10.1609/aaai.v35i5.16523,https://ojs.aaai.org/index.php/AAAI/article/download/16523/16330,downloaded,data/papers_pdf/066_2021_Graph_Neural_Network-Based_Anomaly_Detection_in_Multivariate_Time_Series.pdf
67,AI,"Vision, challenges, roles and research issues of Artificial Intelligence in Education",Computers and Education Artificial Intelligence,2020,1165,https://doi.org/10.1016/j.caeai.2020.100001,,downloaded,data/papers_pdf/067_2020_Vision_challenges_roles_and_research_issues_of_Artificial_Intelligence_in_Education.pdf
68,PL,Finding bugs in database systems via query partitioning,Proceedings of the ACM on Programming Languages,2020,97,https://doi.org/10.1145/3428279,https://dl.acm.org/doi/pdf/10.1145/3428279,downloaded,data/papers_pdf/068_2020_Finding_bugs_in_database_systems_via_query_partitioning.pdf
69,AI,SIFT Flow: Dense Correspondence across Scenes and Its Applications,IEEE Transactions on Pattern Analysis and Machine Intelligence,2010,1607,https://doi.org/10.1109/tpami.2010.147,https://dspace.mit.edu/bitstream/1721.1/61983/1/Torralba_Sift%20flow.pdf,downloaded,data/papers_pdf/069_2010_SIFT_Flow_Dense_Correspondence_across_Scenes_and_Its_Applications.pdf
70,AI,A review of convolutional neural networks in computer vision,Artificial Intelligence Review,2024,805,https://doi.org/10.1007/s10462-024-10721-6,https://link.springer.com/content/pdf/10.1007/s10462-024-10721-6.pdf,downloaded,data/papers_pdf/070_2024_A_review_of_convolutional_neural_networks_in_computer_vision.pdf
71,PL,SteelCore: an extensible concurrent separation logic for effectful dependently typed programs,Proceedings of the ACM on Programming Languages,2020,26,https://doi.org/10.1145/3409003,https://dl.acm.org/doi/pdf/10.1145/3409003,downloaded,data/papers_pdf/071_2020_SteelCore_an_extensible_concurrent_separation_logic_for_effectful_dependently_typed_programs.pdf
72,PL,Verifying replicated data types with typeclass refinements in Liquid Haskell,Proceedings of the ACM on Programming Languages,2020,23,https://doi.org/10.1145/3428284,https://dl.acm.org/doi/pdf/10.1145/3428284,downloaded,data/papers_pdf/072_2020_Verifying_replicated_data_types_with_typeclass_refinements_in_Liquid_Haskell.pdf
73,SE,Exploring Community Smells in Open-Source: An Automated Approach,IEEE Transactions on Software Engineering,2019,101,https://doi.org/10.1109/tse.2019.2901490,https://pure.tue.nl/ws/files/182720627/Exploring_Community_Smells_in_Open_Source_An_Automated_Approach.pdf,downloaded,data/papers_pdf/073_2019_Exploring_Community_Smells_in_Open-Source_An_Automated_Approach.pdf
74,AI,Visual Tracking: An Experimental Survey,IEEE Transactions on Pattern Analysis and Machine Intelligence,2014,1556,https://doi.org/10.1109/tpami.2013.230,https://ieeexplore.ieee.org/ielx7/34/6840869/06671560.pdf,downloaded,data/papers_pdf/074_2014_Visual_Tracking_An_Experimental_Survey.pdf
75,SE,Arbitrary Energy‐Preserving Control of Optical Pulse Trains and Frequency Combs through Generalized Talbot Effects,Laser & Photonics Review,2019,62,https://doi.org/10.1002/lpor.201900176,https://onlinelibrary.wiley.com/doi/pdfdirect/10.1002/lpor.201900176,downloaded,data/papers_pdf/075_2019_Arbitrary_EnergyPreserving_Control_of_Optical_Pulse_Trains_and_Frequency_Combs_through_Generalized_Talbot_Effects.pdf
76,SE,An Empirical Study of Technical Debt in Open Source Projects,Empirical Software Engineering,2016,450,https://doi.org/10.1007/s10664-016-9476-z,,downloaded,data/papers_pdf/076_2016_An_Empirical_Study_of_Technical_Debt_in_Open_Source_Projects.pdf
77,SE,Refactoring in the Wild: A Study of Refactoring Decisions in Open Source Projects,ICSE,2012,800,https://doi.org/10.1109/ICSE.2012.6227218,,downloaded,data/papers_pdf/077_2012_Refactoring_in_the_Wild_A_Study_of_Refactoring_Decisions_in_Open_Source_Projects.pdf
78,SE,A Large-Scale Study on the Usage of Refactoring Operations,IEEE Transactions on Software Engineering,2014,600,https://doi.org/10.1109/TSE.2014.2301518,,downloaded,data/papers_pdf/078_2014_A_Large-Scale_Study_on_the_Usage_of_Refactoring_Operations.pdf
79,SE,Software Analytics in Practice: A Case Study,ICSE,2013,500,https://doi.org/10.1109/ICSE.2013.6606617,,downloaded,data/papers_pdf/079_2013_Software_Analytics_in_Practice_A_Case_Study.pdf
80,SE,Test-Suite Augmentation for Improved Fault Localization,FSE,2015,350,https://doi.org/10.1145/2786805.2786855,,downloaded,data/papers_pdf/080_2015_Test-Suite_Augmentation_for_Improved_Fault_Localization.pdf
81,SE,Mining Software Repositories to Support Software Maintenance,MSR,2010,700,https://doi.org/10.1145/1808928.1808940,,downloaded,data/papers_pdf/081_2010_Mining_Software_Repositories_to_Support_Software_Maintenance.pdf
82,PL,Iris from the Ground Up: A Modular Foundation for Higher-Order Concurrent Separation Logic,Journal of Functional Programming,2018,900,https://doi.org/10.1017/S0956796818000151,,downloaded,data/papers_pdf/082_2018_Iris_from_the_Ground_Up_A_Modular_Foundation_for_Higher-Order_Concurrent_Separation_Logic.pdf
83,PL,Separation Logic: A Logic for Shared Mutable Data Structures,LICS,2002,10000,https://doi.org/10.1109/LICS.2002.1029817,,downloaded,data/papers_pdf/083_2002_Separation_Logic_A_Logic_for_Shared_Mutable_Data_Structures.pdf
84,PL,The Calculus of Computation: Decision Procedures with Applications to Verification,Springer,2007,1200,https://doi.org/10.1007/978-3-540-74113-8,,downloaded,data/papers_pdf/084_2007_The_Calculus_of_Computation_Decision_Procedures_with_Applications_to_Verification.pdf
85,PL,SMT-LIB: The Satisfiability Modulo Theories Library,SMT Workshop,2010,2500,http://smtlib.cs.uiowa.edu/,,downloaded,data/papers_pdf/085_2010_SMT-LIB_The_Satisfiability_Modulo_Theories_Library.pdf
86,PL,Z3: An Efficient SMT Solver,TACAS,2008,15000,https://doi.org/10.1007/978-3-540-78800-3_24,,downloaded,data/papers_pdf/086_2008_Z3_An_Efficient_SMT_Solver.pdf
87,PL,Boogie: A Modular Reusable Verifier for Object-Oriented Programs,FMCO,2005,3000,https://doi.org/10.1007/11804192_17,,downloaded,data/papers_pdf/087_2005_Boogie_A_Modular_Reusable_Verifier_for_Object-Oriented_Programs.pdf
88,PL,VCC: A Practical System for Verifying Concurrent C,TPHOLs,2009,1800,https://doi.org/10.1007/978-3-642-03359-9_2,,downloaded,data/papers_pdf/088_2009_VCC_A_Practical_System_for_Verifying_Concurrent_C.pdf
89,PL,F* A Dependently Typed Language for Program Verification,ICFP,2016,2500,https://doi.org/10.1145/2951913.2951931,https://fstar-lang.org/papers/mumon/paper.pdf,downloaded,data/papers_pdf/089_2016_F_A_Dependently_Typed_Language_for_Program_Verification.pdf
90,AI,CodeBERT: A Pre-Trained Model for Programming and Natural Languages,EMNLP Findings,2020,5000,https://arxiv.org/abs/2002.08155,https://arxiv.org/pdf/2002.08155.pdf,downloaded,data/papers_pdf/090_2020_CodeBERT_A_Pre-Trained_Model_for_Programming_and_Natural_Languages.pdf
91,AI,GraphCodeBERT: Pre-training Code Representations with Data Flow,ICLR,2020,3000,https://arxiv.org/abs/2009.08366,https://arxiv.org/pdf/2009.08366.pdf,downloaded,data/papers_pdf/091_2020_GraphCodeBERT_Pre-training_Code_Representations_with_Data_Flow.pdf
92,AI,InCoder: A Generative Model for Code Infilling and Synthesis,ICLR,2022,1200,https://arxiv.org/abs/2204.05999,https://arxiv.org/pdf/2204.05999.pdf,downloaded,data/papers_pdf/092_2022_InCoder_A_Generative_Model_for_Code_Infilling_and_Synthesis.pdf
93,AI,AlphaCode: Using AI to Write Competitive Programming Solutions,Science,2022,1500,https://www.science.org/doi/10.1126/science.abq1158,,downloaded,data/papers_pdf/093_2022_AlphaCode_Using_AI_to_Write_Competitive_Programming_Solutions.pdf
94,AI,Program Synthesis with Large Language Models,NeurIPS Workshop,2023,400,https://arxiv.org/abs/2303.08774,https://arxiv.org/pdf/2303.08774.pdf,downloaded,data/papers_pdf/094_2023_Program_Synthesis_with_Large_Language_Models.pdf
95,AI,Automated Program Repair with Pretrained Language Models,ICSE,2023,250,https://doi.org/10.1109/ICSE48619.2023.00072,,downloaded,data/papers_pdf/095_2023_Automated_Program_Repair_with_Pretrained_Language_Models.pdf
96,Cybersecurity,The Security of Modern Password Expiration: An Algorithmic Analysis,USENIX Security Symposium,2014,500,https://www.usenix.org/conference/usenixsecurity14/technical-sessions/presentation/herley,,downloaded,data/papers_pdf/096_2014_The_Security_of_Modern_Password_Expiration_An_Algorithmic_Analysis.pdf
97,Cybersecurity,SoK: Shining Light on Shadow Stacks,IEEE Symposium on Security and Privacy,2019,700,https://doi.org/10.1109/SP.2019.00066,,downloaded,data/papers_pdf/097_2019_SoK_Shining_Light_on_Shadow_Stacks.pdf
98,Cybersecurity,CWE Top 25 Most Dangerous Software Weaknesses,MITRE Report,2023,300,https://cwe.mitre.org/top25/,,downloaded,data/papers_pdf/098_2023_CWE_Top_25_Most_Dangerous_Software_Weaknesses.pdf
99,Cybersecurity,Practical Memory Safety with Systematic Runtime Checks,USENIX Security Symposium,2015,450,https://www.usenix.org/conference/usenixsecurity15,,downloaded,data/papers_pdf/099_2015_Practical_Memory_Safety_with_Systematic_Runtime_Checks.pdf
100,Cybersecurity,A Survey of Symbolic Execution for Software Testing and Analysis,Communications of the ACM,2013,2200,https://doi.org/10.1145/2408776.2408795,https://dl.acm.org/doi/pdf/10.1145/2408776.2408795?download=true,downloaded,data/papers_pdf/100_2013_A_Survey_of_Symbolic_Execution_for_Software_Testing_and_Analysis.pdf
